{"center_lat": 39.51759, "center_lon": -75.15953, "trailcam": [39.51759, -75.15953], "sectors": []}